<Ui xmlns="http://www.blizzard.com/wow/ui/">   
    <Script file='Profession.lua'/>
    <Script file='ProfessionCollection.lua'/>   
    <Script file='Spec.lua'/>    
    <Script file='SpecCollection.lua'/>    
    <Script file='Class.lua'/>    
    <Script file='ClassCollection.lua'/>    
    <Script file='Race.lua'/>    
    <Script file='RaceCollection.lua'/>
    <Script file='Unit.lua'/>
    <Script file='Continent.lua'/>
    <Script file='ContinentCollection.lua'/>
    <Script file='Zone.lua'/>
    <Script file='ZoneCollection.lua'/>
</Ui>