<Ui xmlns='http://www.blizzard.com/wow/ui/'>
    <Script file='4.5.7.lua'/>
    <Script file='4.5.6.lua'/>
    <Script file='4.5.4.lua'/>
    <Script file='4.5.2.lua'/>
    <Script file='4.4.10.lua'/>
    <Script file='4.4.8.lua'/>
    <Script file='4.4.6.lua'/>
    <Script file='4.3.10.lua'/>
    <Script file='4.3.8.lua'/>
    <Script file='4.3.2.lua'/>
    <Script file='4.2.16.lua'/>
    <Script file='4.2.14.lua'/>
    <Script file='4.2.10.lua'/>
    <Script file='4.2.4.lua'/>
    <Script file='4.2.2.lua'/>
    <Script file='4.1.22.lua'/>
    <Script file='4.1.20.lua'/>
    <Script file='4.1.18.lua'/>
    <Script file='4.1.16.lua'/>
    <Script file='4.1.14.lua'/>
    <Script file='4.1.12.lua'/>
    <Script file='4.1.10.lua'/>
    <Script file='4.1.8.lua'/>
    <Script file='4.1.6.lua'/>
    <Script file='4.1.4.lua'/>
    <Script file='4.0.12.lua'/>
    <Script file='4.0.10.lua'/>
    <Script file='4.0.8.lua'/>
    <Script file='4.0.6.lua'/>
    <Script file='4.0.4.lua'/>
    <Script file='4.0.2.lua'/>
    <Script file='3.10.2.lua'/>
    <Script file='3.9.6.lua'/>
    <Script file='3.9.4.lua'/>
    <Script file='3.9.2.lua'/>
    <Script file='3.7.4.lua'/>
    <Script file='3.7.2.lua'/>
    <Script file='3.6.2.lua'/>
    <Script file='3.5.6.lua'/>
    <Script file='3.5.4.lua'/>
    <Script file='3.5.2.lua'/>
    <Script file='3.4.6.lua'/>
    <Script file='3.4.4.lua'/>
    <Script file='3.4.2.lua'/>
    <Script file='3.3.6.lua'/>
    <Script file='3.3.4.lua'/>
</Ui>