<Ui xmlns="http://www.blizzard.com/wow/ui/">   
    <Script file='Region.lua'/>
    <Script file='RegionCollection.lua'/>
    <Script file='Realm.lua'/>
    <Script file='RealmCollection.lua'/>
    <Script file='Team.lua'/>
    <Script file='TeamCollection.lua'/>
    <Script file='Faction.lua'/>    
    <Script file='FactionCollection.lua'/>
    <Script file='Guild.lua'/>
    <Script file='GuildCollection.lua'/>
    <Script file='Confederate.lua'/>
    <Script file='Order.lua'/>
    <Script file='OrderCollection.lua'/>
</Ui>