<Ui xmlns="http://www.blizzard.com/wow/ui/">   
    <Script file='BNet.lua'/>
    <Script file='Outbox.lua'/>
    <Script file='Inbox.lua'/>
    <Script file='Encode.lua'/>
    <Script file='Decode.lua'/>
    <Script file='Message.lua'/>
    <Script file='GuildMessage.lua'/>
    <Script file='Mailbox.lua'/>
    <Script file='Channel.lua'/>
    <Script file='ChannelCollection.lua'/>
    <Script file='Friend.lua'/>
    <Script file='FriendCollection.lua'/>
    <Script file='Target.lua'/>
    <Script file='TargetCollection.lua'/>
    <Script file='Link.lua'/>
    <Script file='LinkCollection.lua'/>
</Ui>