<Ui xmlns="http://www.blizzard.com/wow/ui/">   
    <Script file='Handlers\BNetEvent.lua'/>
    <Script file='Handlers\ChannelEvent.lua'/>
    <Script file='Handlers\ChatEvent.lua'/>
    <Script file='Handlers\CovenantEvent.lua'/>
    <Script file='Handlers\GuildEvent.lua'/>    
    <Script file='Handlers\ProfessionEvent.lua'/>
    <Script file='Handlers\SoulbindEvent.lua'/>
    <Script file='Handlers\SpecEvent.lua'/>
    <Script file='Handlers\SystemEvent.lua'/>
    <Script file='Handlers\TimerEvent.lua'/>

    <Script file='Network\Sender.lua'/>
    <Script file='Network\Receiver.lua'/>
    <Script file='Network\Encode.lua'/>
    <Script file='Network\Decode.lua'/>
    <Script file='Network\Message.lua'/>
    <Script file='Network\GuildMessage.lua'/>
    <Script file='Network\LogoutMessage.lua'/>
    <Script file='Network\MessageCollection.lua'/>
    <Script file='Network\Channel.lua'/>
    <Script file='Network\ChannelCollection.lua'/>
    <Script file='Network\Friend.lua'/>
    <Script file='Network\FriendCollection.lua'/>

    <Script file='Unit\Profession.lua'/>
    <Script file='Unit\ProfessionCollection.lua'/>   
    <Script file='Unit\Spec.lua'/>    
    <Script file='Unit\SpecCollection.lua'/>    
    <Script file='Unit\Class.lua'/>    
    <Script file='Unit\ClassCollection.lua'/>    
    <Script file='Unit\Race.lua'/>    
    <Script file='Unit\RaceCollection.lua'/>
    <Script file='Unit\Faction.lua'/>    
    <Script file='Unit\FactionCollection.lua'/>
    <Script file='Unit\Soulbind.lua'/>
    <Script file='Unit\SoulbindCollection.lua'/>
    <Script file='Unit\Covenant.lua'/>
    <Script file='Unit\CovenantCollection.lua'/>    
    <Script file='Unit\Unit.lua'/>

    <Script file='Confederate\Rank.lua'/>
    <Script file='Confederate\RankCollection.lua'/>
    <Script file='Confederate\Realm.lua'/>
    <Script file='Confederate\RealmCollection.lua'/>
    <Script file='Confederate\Team.lua'/>
    <Script file='Confederate\TeamCollection.lua'/>
    <Script file='Confederate\Guild.lua'/>
    <Script file='Confederate\GuildCollection.lua'/>
    <Script file='Confederate\Confederate.lua'/>
</Ui>