<Ui xsi:schemaLocation='http://www.blizzard.com/wow/ui/'>
    <!-- Order matters -->
    <!-- Ace libraries dependent upon LibStub and CallbackHandler -->
    <Script file='LibStub\LibStub.lua'/>
    <Include file='CallbackHandler-1.0\CallbackHandler-1.0.xml'/>
    <!-- AceConfig dependent upon AceGUI -->
    <Include file='Ace3\AceGUI-3.0\AceGUI-3.0.xml'/>
    <Include file='Ace3\AceConfig-3.0\AceConfig-3.0.xml'/>
    <Include file='Ace3\AceDB-3.0\AceDB-3.0.xml'/>
    <Include file='Ace3\AceDBOptions-3.0\AceDBOptions-3.0.xml'/>
    <Include file='Ace3\AceLocale-3.0\AceLocale-3.0.xml'/>
    <Script file='ChatThrottleLib\BNetChatThrottleLib.lua'/>
    <Script file='LibDataBroker-1.1\LibDataBroker-1.1.lua'/>
    <Include file='LibDeflate\lib.xml'/>
    <Include file='LibQTip-1.0\lib.xml'/>
    <!-- SharedMediaWidget dependent upon SharedMedia -->
    <Include file='LibSharedMedia-3.0\lib.xml'/>
    <Include file='AceGUI-3.0-SharedMediaWidgets\widget.xml'/>
    <Include file='LibTourist-3.0\lib.xml'/>  
    <!-- Modified Ace libraries that fixes DF config interaction --> 
    <Include file='MSA-Ace-3.0\MSA-Ace-3.0.xml'/>
</Ui>